<?xml version='1.0' encoding='UTF-8'?>
<org.jenkinsci.plugins.docker.commons.tools.DockerTool_-DescriptorImpl plugin="docker-commons@1.8">
  <installations class="org.jenkinsci.plugins.docker.commons.tools.DockerTool-array">
    <org.jenkinsci.plugins.docker.commons.tools.DockerTool>
      <name>testdocker</name>
      <home></home>
      <properties>
        <hudson.tools.InstallSourceProperty>
          <installers>
            <org.jenkinsci.plugins.docker.commons.tools.DockerToolInstaller>
              <version>latest</version>
            </org.jenkinsci.plugins.docker.commons.tools.DockerToolInstaller>
          </installers>
        </hudson.tools.InstallSourceProperty>
      </properties>
    </org.jenkinsci.plugins.docker.commons.tools.DockerTool>
  </installations>
</org.jenkinsci.plugins.docker.commons.tools.DockerTool_-DescriptorImpl>