<?xml version='1.0' encoding='UTF-8'?>
<slave>
  <name>Docker</name>
  <description></description>
  <remoteFS>/home/ec2-user/jenkins_home</remoteFS>
  <numExecutors>1</numExecutors>
  <mode>NORMAL</mode>
  <retentionStrategy class="hudson.slaves.RetentionStrategy$Always"/>
  <launcher class="hudson.plugins.sshslaves.SSHLauncher" plugin="ssh-slaves@1.12">
    <host>ec2-54-173-247-177.compute-1.amazonaws.com</host>
    <port>22</port>
    <credentialsId>aws-slave</credentialsId>
    <maxNumRetries>0</maxNumRetries>
    <retryWaitTime>0</retryWaitTime>
  </launcher>
  <label>Docker</label>
  <nodeProperties>
    <hudson.tools.ToolLocationNodeProperty>
      <locations>
        <hudson.tools.ToolLocationNodeProperty_-ToolLocation>
          <type>hudson.plugins.git.GitTool$DescriptorImpl</type>
          <name>Default</name>
          <home>/usr/bin/git</home>
        </hudson.tools.ToolLocationNodeProperty_-ToolLocation>
        <hudson.tools.ToolLocationNodeProperty_-ToolLocation>
          <type>hudson.tasks.Maven$MavenInstallation$DescriptorImpl</type>
          <name>test</name>
          <home>/opt/apache-maven-3.3.9</home>
        </hudson.tools.ToolLocationNodeProperty_-ToolLocation>
      </locations>
    </hudson.tools.ToolLocationNodeProperty>
  </nodeProperties>
</slave>

